PLAYER_ID,SEASON_ID,LEAGUE_ID,TEAM_ID,TEAM_ABBREVIATION,PLAYER_AGE,GP,GS,MIN,FGM,FGA,FG_PCT,FG3M,FG3A,FG3_PCT,FTM,FTA,FT_PCT,OREB,DREB,REB,AST,STL,BLK,TOV,PF,PTS
203903,2014-15,00,1610612747,LAL,23.0,59,38,1476,267,596,0.448,38,121,0.314,131,158,0.829,56,135,191,206,51,12,96,109,703
203903,2015-16,00,1610612747,LAL,24.0,79,79,2552,475,1098,0.433,111,320,0.347,164,204,0.804,93,220,313,192,88,7,135,168,1225
203903,2016-17,00,1610612747,LAL,25.0,82,19,2397,477,1071,0.445,117,356,0.329,134,168,0.798,49,197,246,213,88,8,164,150,1205
203903,2017-18,00,1610612747,LAL,26.0,53,2,1256,299,667,0.448,68,210,0.324,105,132,0.795,44,115,159,173,39,3,95,63,771
203903,2017-18,00,1610612739,CLE,26.0,28,0,632,131,287,0.456,44,108,0.407,47,58,0.81,13,45,58,48,19,3,32,44,353
203903,2017-18,00,0,TOT,26.0,81,2,1887,430,954,0.451,112,318,0.352,152,190,0.8,57,160,217,221,58,6,127,107,1124
203903,2018-19,00,1610612739,CLE,27.0,81,0,2215,529,1180,0.448,144,445,0.324,162,192,0.844,82,188,270,196,57,13,135,112,1364
203903,2019-20,00,1610612739,CLE,28.0,29,0,666,144,326,0.442,59,159,0.371,76,86,0.884,21,48,69,70,17,8,39,33,423
203903,2019-20,00,1610612762,UTA,28.0,42,2,1039,250,541,0.462,93,254,0.366,62,79,0.785,29,89,118,66,29,8,58,75,655
203903,2019-20,00,0,TOT,28.0,71,2,1705,394,867,0.454,152,413,0.368,138,165,0.836,50,137,187,136,46,16,97,108,1078
203903,2020-21,00,1610612762,UTA,29.0,68,1,1818,457,1075,0.425,208,599,0.347,129,144,0.896,47,227,274,168,61,10,115,110,1251
203903,2021-22,00,1610612762,UTA,30.0,79,1,2141,466,1113,0.419,190,597,0.318,144,174,0.828,67,206,273,194,66,16,129,149,1266
203903,2022-23,00,1610612762,UTA,31.0,61,61,1988,458,1031,0.444,155,459,0.338,200,245,0.816,72,174,246,270,33,13,186,120,1271
203903,2023-24,00,1610612762,UTA,32.0,55,19,1682,337,816,0.413,91,309,0.294,177,201,0.881,49,139,188,277,35,6,146,81,942
203903,2024-25,00,1610612762,UTA,33.0,37,9,962,201,493,0.408,84,232,0.362,114,143,0.797,25,93,118,138,31,9,86,52,600
203903,2025-26,00,1610612752,NYK,34.0,72,1,1279,237,526,0.451,70,214,0.327,78,94,0.83,62,65,127,96,30,9,63,123,622
1641794,2024-25,00,1610612760,OKC,23.0,54,3,552,51,133,0.383,16,63,0.254,17,28,0.607,30,91,121,58,16,4,28,54,135
1641794,2025-26,00,1610612752,NYK,24.0,7,0,39,2,9,0.222,1,5,0.2,4,4,1.0,2,5,7,4,3,0,0,6,9
1630540,2021-22,00,1610612752,NYK,21.0,40,2,372,32,108,0.296,17,68,0.25,8,12,0.667,4,38,42,41,14,1,5,45,89
1630540,2022-23,00,1610612752,NYK,22.0,64,2,760,77,215,0.358,40,134,0.299,28,42,0.667,13,37,50,72,37,8,25,60,222
1630540,2023-24,00,1610612752,NYK,23.0,68,14,1328,205,454,0.452,109,266,0.41,43,50,0.86,31,69,100,114,50,7,30,108,562
1630540,2024-25,00,1610612752,NYK,24.0,64,10,1593,222,547,0.406,115,312,0.369,52,64,0.813,47,114,161,187,67,17,41,108,611
1630540,2025-26,00,1610612752,NYK,25.0,41,15,1080,171,404,0.423,112,271,0.413,37,47,0.787,24,76,100,106,35,9,33,70,491
1628404,2017-18,00,1610612747,LAL,23.0,63,23,1461,176,375,0.469,78,197,0.396,66,94,0.702,42,221,263,80,47,16,47,107,496
1628404,2018-19,00,1610612747,LAL,24.0,67,22,1715,189,464,0.407,92,274,0.336,55,80,0.688,35,213,248,93,64,40,58,147,525
1628404,2019-20,00,1610612740,NOP,25.0,65,16,1755,225,532,0.423,121,354,0.342,85,115,0.739,61,364,425,108,63,23,75,160,656
1628404,2020-21,00,1610612740,NOP,26.0,47,4,1350,151,344,0.439,63,193,0.326,69,89,0.775,53,324,377,109,38,12,49,111,434
1628404,2021-22,00,1610612740,NOP,27.0,41,40,1374,195,386,0.505,42,130,0.323,116,154,0.753,53,265,318,168,45,11,81,118,548
1628404,2021-22,00,1610612757,POR,27.0,13,13,417,92,183,0.503,31,83,0.373,44,57,0.772,9,61,70,56,16,2,33,32,259
1628404,2021-22,00,0,TOT,27.0,54,53,1791,287,569,0.504,73,213,0.343,160,211,0.758,62,326,388,224,61,13,114,150,807
1628404,2022-23,00,1610612757,POR,28.0,51,51,1704,183,363,0.504,34,112,0.304,87,119,0.731,95,322,417,200,54,9,79,133,487
1628404,2022-23,00,1610612752,NYK,28.0,25,1,750,92,157,0.586,27,52,0.519,45,57,0.789,47,129,176,90,34,12,38,62,256
1628404,2022-23,00,0,TOT,28.0,76,52,2454,275,520,0.529,61,164,0.372,132,176,0.75,142,451,593,290,88,21,117,195,743
1628404,2023-24,00,1610612752,NYK,29.0,81,42,2707,295,679,0.434,80,258,0.31,91,115,0.791,128,547,675,331,75,23,118,171,761
1628404,2024-25,00,1610612752,NYK,30.0,77,77,2897,404,770,0.525,84,252,0.333,159,205,0.776,161,576,737,453,119,27,158,201,1051
1628404,2025-26,00,1610612752,NYK,31.0,66,52,1994,301,592,0.508,100,242,0.413,90,125,0.72,93,393,486,317,75,17,128,165,792
1642359,2024-25,00,1610612752,NYK,19.0,18,0,111,10,31,0.323,6,19,0.316,4,6,0.667,3,15,18,5,3,2,4,7,30
1642359,2025-26,00,1610612752,NYK,20.0,29,0,136,16,48,0.333,7,32,0.219,9,11,0.818,4,23,27,12,3,1,3,8,48
1630631,2021-22,00,1610612740,NOP,24.0,54,1,834,131,294,0.446,32,110,0.291,36,53,0.679,25,75,100,152,71,7,40,73,330
1630631,2022-23,00,1610612740,NOP,25.0,61,10,1310,201,489,0.411,83,247,0.336,65,80,0.813,28,113,141,186,67,10,81,125,550
1630631,2023-24,00,1610612740,NOP,26.0,56,0,1028,142,345,0.412,78,207,0.377,35,52,0.673,25,103,128,117,59,15,40,89,397
1630631,2024-25,00,1610612740,NOP,27.0,56,23,1366,204,521,0.392,111,309,0.359,60,74,0.811,27,109,136,259,74,14,86,91,579
1630631,2025-26,00,1610612740,NOP,28.0,41,0,896,117,280,0.418,70,193,0.363,20,24,0.833,16,98,114,128,37,4,47,80,324
1630631,2025-26,00,1610612752,NYK,28.0,28,3,474,70,169,0.414,31,94,0.33,15,22,0.682,10,47,57,106,29,4,30,49,186
1630631,2025-26,00,0,TOT,28.0,69,3,1370,187,449,0.416,101,287,0.352,35,46,0.761,26,145,171,234,66,8,77,129,510
1628384,2017-18,00,1610612761,TOR,20.0,74,62,1481,163,346,0.471,73,197,0.371,39,62,0.629,44,140,184,55,52,14,45,130,438
1628384,2018-19,00,1610612761,TOR,21.0,67,6,1352,183,404,0.453,67,202,0.332,36,62,0.581,58,139,197,47,46,22,55,140,469
1628384,2019-20,00,1610612761,TOR,22.0,69,68,2066,286,566,0.505,89,228,0.39,72,102,0.706,80,284,364,108,96,45,79,167,733
1628384,2020-21,00,1610612761,TOR,23.0,43,43,1433,249,519,0.48,104,261,0.398,80,102,0.784,54,183,237,94,66,32,75,114,682
1628384,2021-22,00,1610612761,TOR,24.0,48,48,1728,309,697,0.443,115,317,0.363,89,118,0.754,74,190,264,125,71,25,80,131,822
1628384,2022-23,00,1610612761,TOR,25.0,67,67,2386,421,885,0.476,142,367,0.387,140,167,0.838,95,237,332,131,128,50,132,200,1124
1628384,2023-24,00,1610612761,TOR,26.0,27,27,900,157,321,0.489,61,163,0.374,33,46,0.717,24,82,106,72,28,13,43,62,408
1628384,2023-24,00,1610612752,NYK,26.0,23,23,802,125,256,0.488,41,104,0.394,34,43,0.791,23,79,102,35,40,23,38,57,325
1628384,2023-24,00,0,TOT,26.0,50,50,1702,282,577,0.489,102,267,0.382,67,89,0.753,47,161,208,107,68,36,81,119,733
1628384,2024-25,00,1610612752,NYK,27.0,74,74,2706,489,1027,0.476,171,460,0.372,183,226,0.81,97,261,358,164,110,65,102,172,1332
1628384,2025-26,00,1610612752,NYK,28.0,67,67,2224,389,804,0.484,157,407,0.386,183,221,0.828,85,266,351,145,104,48,123,164,1118
1641755,2024-25,00,1610612752,NYK,24.0,4,0,29,2,7,0.286,0,1,0.0,2,2,1.0,0,8,8,2,1,1,0,6,6
1641755,2025-26,00,1610612752,NYK,25.0,21,0,155,20,47,0.426,8,24,0.333,2,5,0.4,11,17,28,20,9,0,12,22,50
1628973,2018-19,00,1610612742,DAL,22.0,73,38,1591,264,565,0.467,63,181,0.348,87,120,0.725,25,144,169,230,37,4,88,127,678
1628973,2019-20,00,1610612742,DAL,23.0,57,16,1022,181,388,0.466,43,120,0.358,61,75,0.813,22,112,134,188,22,4,66,74,466
1628973,2020-21,00,1610612742,DAL,24.0,68,12,1697,328,627,0.523,81,200,0.405,120,151,0.795,27,204,231,239,35,1,80,109,857
1628973,2021-22,00,1610612742,DAL,25.0,79,61,2524,506,1008,0.502,94,252,0.373,179,213,0.84,43,266,309,377,66,3,124,151,1285
1628973,2022-23,00,1610612752,NYK,26.0,68,68,2379,587,1195,0.491,134,322,0.416,325,392,0.829,40,201,241,421,61,15,142,152,1633
1628973,2023-24,00,1610612752,NYK,27.0,77,77,2726,790,1648,0.479,211,526,0.401,421,497,0.847,43,235,278,519,70,13,186,144,2212
1628973,2024-25,00,1610612752,NYK,28.0,65,65,2301,585,1200,0.487,152,397,0.383,368,448,0.821,27,160,187,475,60,8,164,138,1690
1628973,2025-26,00,1610612752,NYK,29.0,74,74,2590,689,1475,0.467,195,528,0.369,354,421,0.841,31,216,247,503,57,8,175,170,1927
1642278,2024-25,00,1610612752,NYK,24.0,41,0,296,27,82,0.329,14,47,0.298,13,17,0.765,8,19,27,70,12,4,18,26,81
1642278,2025-26,00,1610612752,NYK,25.0,62,1,727,108,248,0.435,44,114,0.386,14,20,0.7,16,82,98,170,22,4,55,65,274
1631110,2022-23,00,1610612759,SAS,20.0,56,53,1458,250,552,0.453,33,134,0.246,81,116,0.698,95,200,295,142,43,23,97,138,614
1631110,2023-24,00,1610612759,SAS,21.0,74,73,2193,340,776,0.438,70,227,0.308,111,144,0.771,137,339,476,249,62,40,140,168,861
1631110,2024-25,00,1610612759,SAS,22.0,54,23,1364,251,469,0.535,28,91,0.308,87,125,0.696,127,225,352,128,45,27,84,131,617
1631110,2025-26,00,1610612759,SAS,23.0,28,0,358,47,99,0.475,9,35,0.257,11,16,0.688,26,47,73,28,10,5,18,50,114
1631110,2025-26,00,1610612752,NYK,23.0,16,0,111,17,30,0.567,2,10,0.2,8,10,0.8,11,23,34,12,7,2,3,12,44
1631110,2025-26,00,0,TOT,23.0,44,0,469,64,129,0.496,11,45,0.244,19,26,0.731,37,70,107,40,17,7,21,62,158
1629011,2018-19,00,1610612752,NYK,21.0,66,19,1360,202,291,0.694,0,0,0.0,81,135,0.6,177,246,423,37,52,161,35,217,485
1629011,2019-20,00,1610612752,NYK,22.0,61,7,1412,253,341,0.742,0,0,0.0,84,148,0.568,186,242,428,36,52,119,37,194,590
1629011,2020-21,00,1610612752,NYK,23.0,31,29,853,115,176,0.653,0,0,0.0,26,53,0.491,113,139,252,17,35,45,26,86,256
1629011,2021-22,00,1610612752,NYK,24.0,72,62,1848,261,343,0.761,0,0,0.0,88,181,0.486,295,322,617,38,58,133,60,195,610
1629011,2022-23,00,1610612752,NYK,25.0,59,58,1589,188,280,0.671,0,0,0.0,59,122,0.484,267,288,555,53,56,109,41,160,435
1629011,2023-24,00,1610612752,NYK,26.0,31,21,768,73,127,0.575,0,0,0.0,27,66,0.409,142,121,263,18,37,35,25,55,173
1629011,2024-25,00,1610612752,NYK,27.0,17,3,290,37,56,0.661,0,0,0.0,13,19,0.684,52,49,101,13,16,18,10,26,87
1629011,2025-26,00,1610612752,NYK,28.0,60,16,1175,149,206,0.723,0,0,0.0,42,103,0.408,252,273,525,52,56,70,41,127,340
1628969,2018-19,00,1610612756,PHX,22.0,82,56,2417,242,563,0.43,105,313,0.335,95,118,0.805,56,208,264,173,129,38,70,201,684
1628969,2019-20,00,1610612756,PHX,23.0,73,32,2042,247,484,0.51,70,194,0.361,103,122,0.844,66,226,292,129,102,46,73,163,667
1628969,2020-21,00,1610612756,PHX,24.0,72,72,2348,363,669,0.543,134,315,0.425,110,131,0.84,76,233,309,152,76,63,57,116,970
1628969,2021-22,00,1610612756,PHX,25.0,82,82,2854,458,858,0.534,115,312,0.369,131,157,0.834,74,273,347,185,96,36,68,150,1162
1628969,2022-23,00,1610612756,PHX,26.0,56,56,2040,354,764,0.463,101,261,0.387,156,174,0.897,56,187,243,201,65,45,78,115,965
1628969,2022-23,00,1610612751,BKN,26.0,27,27,923,239,503,0.475,68,181,0.376,160,179,0.894,23,98,121,72,26,16,49,44,706
1628969,2022-23,00,0,TOT,26.0,83,83,2963,593,1267,0.468,169,442,0.382,316,353,0.895,79,285,364,273,91,61,127,159,1671
1628969,2023-24,00,1610612751,BKN,27.0,82,82,2854,564,1294,0.436,220,592,0.372,258,317,0.814,68,304,372,299,81,30,164,116,1606
1628969,2024-25,00,1610612752,NYK,28.0,82,82,3036,592,1183,0.5,164,463,0.354,96,118,0.814,71,188,259,306,75,43,132,127,1444
1628969,2025-26,00,1610612752,NYK,29.0,82,82,2692,472,963,0.49,156,420,0.371,81,98,0.827,79,233,312,304,107,62,83,160,1181
1626157,2015-16,00,1610612750,MIN,20.0,82,82,2627,625,1153,0.542,30,88,0.341,223,275,0.811,229,629,858,161,58,138,183,245,1503
1626157,2016-17,00,1610612750,MIN,21.0,82,82,3030,802,1480,0.542,101,275,0.367,356,428,0.832,296,711,1007,220,56,103,212,241,2061
1626157,2017-18,00,1610612750,MIN,22.0,82,82,2918,639,1172,0.545,120,285,0.421,345,402,0.858,238,774,1012,199,64,115,159,285,1743
1626157,2018-19,00,1610612750,MIN,23.0,77,77,2545,681,1314,0.518,142,355,0.4,376,450,0.836,263,691,954,259,67,125,240,292,1880
1626157,2019-20,00,1610612750,MIN,24.0,35,35,1187,316,622,0.508,114,277,0.412,180,226,0.796,95,283,378,153,33,42,110,117,926
1626157,2020-21,00,1610612750,MIN,25.0,50,50,1689,425,875,0.486,122,315,0.387,267,311,0.859,133,396,529,225,39,57,160,186,1239
1626157,2021-22,00,1610612750,MIN,26.0,74,74,2475,642,1214,0.529,150,366,0.41,384,467,0.822,194,533,727,269,72,83,226,267,1818
1626157,2022-23,00,1610612750,MIN,27.0,29,29,957,212,428,0.495,60,164,0.366,118,135,0.874,48,188,236,140,20,17,86,111,602
1626157,2023-24,00,1610612750,MIN,28.0,62,62,2026,479,951,0.504,136,327,0.416,255,292,0.873,94,421,515,189,43,41,177,204,1349
1626157,2024-25,00,1610612752,NYK,29.0,72,72,2517,639,1215,0.526,142,338,0.42,339,409,0.829,212,708,920,222,71,50,192,249,1759
1626157,2025-26,00,1610612752,NYK,30.0,75,75,2322,517,1032,0.501,113,307,0.368,357,416,0.858,233,656,889,226,65,40,187,255,1504
1629013,2018-19,00,1610612755,PHI,22.0,54,4,1108,153,347,0.441,99,245,0.404,44,54,0.815,14,64,78,59,24,8,26,106,449
1629013,2018-19,00,1610612746,LAC,22.0,25,23,694,87,210,0.414,68,151,0.45,31,39,0.795,7,49,56,58,13,2,19,49,273
1629013,2018-19,00,0,TOT,22.0,79,27,1802,240,557,0.431,167,396,0.422,75,93,0.806,21,113,134,117,37,10,45,155,722
1629013,2019-20,00,1610612746,LAC,23.0,53,30,1452,158,391,0.404,111,296,0.375,65,76,0.855,6,94,100,99,20,10,42,142,492
1629013,2020-21,00,1610612751,BKN,24.0,61,12,1403,186,456,0.408,129,333,0.387,66,78,0.846,11,101,112,99,31,10,48,93,567
1629013,2021-22,00,1610612756,PHX,25.0,69,14,1437,191,485,0.394,123,334,0.368,68,81,0.84,16,110,126,108,28,9,41,92,573
1629013,2022-23,00,1610612756,PHX,26.0,40,9,807,113,300,0.377,75,199,0.377,45,51,0.882,11,56,67,93,26,5,36,61,346
1629013,2023-24,00,1610612764,WAS,27.0,46,5,727,118,274,0.431,53,157,0.338,38,46,0.826,16,46,62,54,25,10,30,76,327
1629013,2024-25,00,1610612752,NYK,28.0,50,0,762,106,230,0.461,62,156,0.397,12,18,0.667,11,50,61,27,23,2,22,52,286
1629013,2025-26,00,1610612752,NYK,29.0,51,12,1171,159,364,0.437,103,263,0.392,54,76,0.711,23,69,92,72,31,9,30,77,475
1641998,2023-24,00,1610612764,WAS,24.0,2,0,1,0,0,0.0,0,0,0.0,0,0,0.0,0,1,1,0,0,0,1,0,0
1641998,2023-24,00,1610612763,MEM,24.0,23,14,573,75,136,0.551,0,0,0.0,21,25,0.84,64,69,133,27,12,28,33,69,171
1641998,2023-24,00,0,TOT,24.0,25,14,574,75,136,0.551,0,0,0.0,21,25,0.84,64,70,134,27,12,28,34,69,171
1641998,2024-25,00,1610612740,NOP,25.0,16,0,166,15,32,0.469,0,0,0.0,8,21,0.381,22,22,44,10,7,6,10,27,38
1641998,2024-25,00,1610612747,LAL,25.0,22,0,226,26,42,0.619,0,0,0.0,5,12,0.417,22,39,61,6,2,9,14,42,57
1641998,2024-25,00,0,TOT,25.0,38,0,392,41,74,0.554,0,0,0.0,13,33,0.394,44,61,105,16,9,15,24,69,95
1641998,2025-26,00,1610612752,NYK,26.0,13,0,82,6,10,0.6,0,0,0.0,1,1,1.0,8,10,18,5,1,2,10,11,13
1642885,2025-26,00,1610612752,NYK,21.0,69,7,634,90,213,0.423,48,130,0.369,18,24,0.75,15,79,94,53,17,6,30,50,246
1630574,2024-25,00,1610612752,NYK,23.0,25,1,217,21,31,0.677,0,0,0.0,6,13,0.462,14,37,51,11,1,15,21,32,48
1630574,2025-26,00,1610612752,NYK,24.0,54,5,498,45,80,0.563,1,4,0.25,26,33,0.788,56,103,159,29,9,26,32,67,117
